ans_sum,curr,title
"[['非系统风险'], ['可以用β系数来衡量的风险'], ['系统风险'], ['可分散风险']]","正确答案：,C ",（ ）源于各个公司的外部因素，如国家经济的变化、战争、世界能源储量的变化等。
"[['（P/F,12%,5）=0.5674'], ['（F/A, 12%,5）=6.3525'], ['（P/A, 12%,5）=3.6050'], ['（A/P, 12%,5）=0.2774']]","正确答案：,A ,B ,C ,D ","如果（F/P,12%,5）=1.7623，则下述系数正确的有（　）。"
"[['市场风险'], ['公司特有风险'], ['非系统风险'], ['系统风险']]","正确答案：,B ,C ",证券投资的收益率由无风险收益率和风险收益率组成。证券投资组合能够分散（ ）。
"[['一项资产虽然预期收益率低，但风险水平也高'], ['一项资产虽然预期收益率低，但风险水平也低'], ['一项资产具有较高的预期收益率同时也具有较高的风险水平'], ['一项资产具有较高的预期收益率，但风险水平低']]","正确答案：,B ,C ",当面临以下这样两种资产时，风险回避者的选择就要取决于他们对待风险的不同态度：（ ）。
"[['一个事件的概率是指这一事件的某种后果可能发生的几率。'], ['随机事件发生的可能性越大，概率就越大。'], ['必然发生事件的概率为1，完全不可能发生事件的概率为0'], ['大多数随机事件发生的概率介于0～1。']]","正确答案：,A ,B ,C ,D ",下列关于概率的说法正确的是（ ）。
"[['市场是均衡的'], ['预期收益率高于必要收益率'], ['预期收益率等于必要收益率'], ['只有系统风险才有资格要求补偿']]","正确答案：,B ",在资本资产定价模型的理论框架下不正确的表述是( )。
"[['标准离差率'], ['标准差'], ['期望值'], ['方差']]","正确答案：,C ",下列选项中，可以表示一定风险下的收益情况的是（ ）。
"[['√'], ['×']]","正确答案：,B ",每一个随机变量的概率最小为0，最大为1，不可能小于0，也不可能大于1，全部概率之和可以等于1，也可以不等于1。
"[['√'], ['×']]","正确答案：,A ",通过分散投资，非系统风险可以被降低，而且如果分散是充分有效的，甚至可以消除这一风险。
"[['国家经济的变化'], ['战争的发生'], ['世界能源储量的变化'], ['被投资企业出现财务危机']]","正确答案：,D ",下列因素引起的风险中，投资者可以通过资产组合予以消减的是（ ）。
"[['投资结构风险'], ['现金风险'], ['投资项目风险'], ['投资组合风险']]","正确答案：,A ,C ,D ",下列风险中取决于投资的行业和投资时间长短的是（　　）。
"[['√'], ['×']]","正确答案：,A ",某一债券面值为100元，期限为5年，以贴现方式发行，期内不计利息，到期按面值偿还，发行时的市场利率为8%。若该债券发行价为70元，则不值得购买。（  ）
"[['4%'], ['0.24%'], ['0.16%'], ['0.80%']]","正确答案：,C ",一项500万元的借款，借款期5年，年利率为8%，若每年半年复利一次，年实际利率会高出名义利率
"[['√'], ['×']]","正确答案：,A ",单个股票的预期报酬率应当等于市场对无风险投资所要求的收益率加上风险溢价。
"[['√'], ['×']]","正确答案：,B ",张某将5万元现金存入银行，已知银行存款年利率为8%，那么10年后的本利和为10.79万元
"[['市场风险'], ['不可分散风险'], ['系统风险'], ['公司特有风险']]","正确答案：,D ",从公司本身的角度来看，经营风险和财务风险属于（ ）。
"[['√'], ['×']]","正确答案：,B ",“现值”和“终值”两个概念表示相同时期的资金时间价值。
"[['在组合投资中，除了组合中各单个资产的个别风险外，资产相互之间也会产生各种关系。'], ['进行组合投资的目的就是通过多样化经营以减少风险。'], ['与单一投资相对应，人们将投资于两种或两种以上资产的投资称为组合投资。'], ['投资组合中资产的种类越多越好。']]","正确答案：,A ,B ,C ",关于组合投资，下列说法正确的是（ ）。
"[['收益分配风险'], ['公司特有的风险'], ['投资风险'], ['市场风险']]","正确答案：,B ,D ",风险从个别投资主体的角度看可分为
"[['√'], ['×']]","正确答案：,A ",财务活动是指企业再生产过程中的资金运动，即筹集、运用和分配资金的活动
"[['在每一个计息期，上一个计息期的利息都将成为生息的本金'], ['一笔存款或者投资获得回报之后，再连本带利进行新一轮投资'], ['复利即以利生利'], ['复利计息方法通俗的称为“息上加息”']]","正确答案：,A ,B ,C ,D ",关于复利，下列说法正确的是（ ）。
"[['√'], ['×']]","正确答案：,B ",终值是指现在一定量的资金折算到未来一段时期所对应的金额
"[['√'], ['×']]","正确答案：,A ",某人分期付款买车，每年年初付3000元，20年还完，利率5%，要想现在一次性付清，需要付39255.9元
"[['√'], ['×']]","正确答案：,A ",逆向选择属于企业所有者与经营者产生的矛盾
"[['√'], ['×']]","正确答案：,B ",如果是对投资者股利分配的时间、形式和金额把握不准确而产生的风险，以及各种收益分配的次序和比例不当产生的风险就形成收益确认风险。
"[['√'], ['×']]","正确答案：,B ",资金的营运活动中运用了资金的时间价值理念。
"[['监督和激励'], ['规定资金的用途'], ['限制发行新债数额'], ['提前收回借款']]","正确答案：,B ,C ,D ",下列各项中，能够用于协调企业所有者与企业债权人矛盾的方法是
"[['√'], ['×']]","正确答案：,A ",如果资本市场是有效的，购买或出售金融工具的交易的净现值就为零
"[['√'], ['×']]","正确答案：,A ",从资金的借贷关系看，利率是一定时期内运用资金资源的交易价格
"[['√'], ['×']]","正确答案：,B ",年金是指每隔一年、金额相等的一系列现金流入或流出量。
"[['√'], ['×']]","正确答案：,A ",6年分期付款购物，每年年初付款500元，设银行存款利率为10%，该项分期付款相当于现在一次现金支付的购价是2395.42元。
"[['√'], ['×']]","正确答案：,A ",国债没有违约风险
"[['√'], ['×']]","正确答案：,A ",没有区分有息负债和无息负债是杜邦分析体系的局限性之一。
"[['√'], ['×']]","正确答案：,B ",终值和现值是时期指标。
"[['√'], ['×']]","正确答案：,B ",对于定性评价标准没有列示，但对被评价企业经营绩效产生重要影响的因素，在评价时不用考虑。
"[['√'], ['×']]","正确答案：,A ",不管是管理绩效定性评价还是财务业绩定量评价都有五个评定档次
"[['√'], ['×']]","正确答案：,A ",人们将投资于两种或两种以上资产的投资称为组合投资。
"[['折旧'], ['租金'], ['利滚利'], ['保险费']]","正确答案：,A ,B ,D ",下列选项中，（ ）可以视为年金的形式。
"[['（P/F,12%,5）=0.5674'], ['（F/A, 12%,5）=6.3525'], ['（P/A, 12%,5）=3.6050'], ['（A/P, 12%,5）=0.2774']]","正确答案：,A ,B ,C ,D ","如果（F/P,12%,5）=1.7623，则下述系数正确的有（　）"
"[['√'], ['×']]","正确答案：,B ",利率按计算利息的时间长短不同可分为长期利率、短期利率
"[['√'], ['×']]","正确答案：,B ",业绩评价方法只有财务业绩定量评价方法、管理业绩定性评价方法两种手段
"[['√'], ['×']]","正确答案：,A ",单个股票的预期报酬率应当等于市场对无风险投资所要求的收益率加上风险溢价。
"[['√'], ['×']]","正确答案：,A ",通过分散投资，非系统风险可以被降低，而且如果分散是充分有效的，甚至可以消除这一风险。
"[['100×（F/P，8%，5）'], ['100×（F/P，4%，10）'], ['100×（F/A，8%，5）'], ['100×（F/P，8.16%，5）']]","正确答案：,B ,D ",长江公司取得借款100万元，借款的年利率是8%，每半年复利一次，期限为5年，则该项借款的终值是（ ）。
"[['√'], ['×']]","正确答案：,A ",法定利率又称“官定利率”，是指由政府金融管理部门或者中央银行确定的利率
"[['当计息周期为一年时，名义利率与有效年利率相等'], ['当计息周期短于一年时，有效年利率小于名义利率'], ['当计息周期长于一年时，有效年利率大于名义利率'], ['当计息周期长于一年时，有效年利率小于名义利率']]","正确答案：,B ,C ",下列说法不正确的有（ ）
"[['0.1'], ['115000'], ['110000'], ['105000']]","正确答案：,B ",某人存入银行10万，若银行存款的年利率为3%，5年后的本利和是多少（ ）
"[['√'], ['×']]","正确答案：,A ",有效的风险管理就是要预先确定一系列的政策、措施，将那些可能导致利润减少的可能性降低到最小的程度，追求风险的最小化与收益的最大化。
"[['短期资本市场'], ['发行市场'], ['长期资本市场'], ['初级市场']]","正确答案：,A ,C ",以期限为标准，金融市场分为
"[['监督'], ['解聘'], ['接收'], ['激励']]","正确答案：,A ,B ,C ,D ",为了防止经营者背离所有者目标，经常采用以下方式
"[['有利于企业长期稳定发展'], ['有利于实现企业经济效益和社会效益的统一'], ['较好的兼顾了各利益主体的利益'], ['体现了前瞻性和可操作性的统一']]","正确答案：,A ,B ,C ,D ",下列属于相关者利益最大化目标优点的是
"[['货币时间价值原则'], ['资本市场有效原则'], ['双方交易原则'], ['公正原则']]","正确答案：,A ,B ,C ",下列选项中属于财务管理原则的是
"[['√'], ['×']]","正确答案：,A ",投资者经常通过多样化资产组合来分散风险。
"[['财务报表本身的局限性'], ['财务报表的真实性'], ['企业选择不同的会计政策的可比性'], ['财务报表的及时性']]","正确答案：,A ,B ,C ",财务分析的局限性包括
"[['为出资人行使经营者的选择权提供重要依据'], ['可以有效地加强对企业经营者的监管和约束'], ['可以为有效激励企业经营者提供可靠依据'], ['可以为政府有关部门、债权人、企业职工等利益相关方提供有效的信息支持。']]","正确答案：,A ,B ,C ,D ",业绩评价的作用体现在
"[['√'], ['×']]","正确答案：,B ",只有现值没有终值的年金是递延年金。
"[['√'], ['×']]","正确答案：,A ",在财务分析中，将通过对比两期或连续数期财务报告中的相同指标，以说明企业财务状况或经营成果变动趋势的方法称为比较分析法。
"[['√'], ['×']]","正确答案：,A ",差额计算法只是连环替代法的一种简化形式，二者实质上是相同的。
,,
"[['递延年金是指第一次支付发生在第二期或第二期以后的年金'], ['递延年金是普通年金的特殊形式'], ['最初若干期没有收付款项'], ['其现值计算与普通年金原理相同']]","正确答案：,D ",下列说法错误的是（ ）。
"[['市场风险'], ['公司特有风险'], ['非系统风险'], ['系统风险']]","正确答案：,B ,C ",证券投资的收益率由无风险收益率和风险收益率组成。证券投资组合能够分散（ ）。
"[['一个事件的概率是指这一事件的某种后果可能发生的几率。'], ['随机事件发生的可能性越大，概率就越大。'], ['必然发生事件的概率为1，完全不可能发生事件的概率为0'], ['大多数随机事件发生的概率介于0～1。']]","正确答案：,A ,B ,C ,D ",下列关于概率的说法正确的是（ ）。
"[['√'], ['×']]","正确答案：,B ",某公司2011年比2010年净资产收益率增加了5个百分点，采用因素分析法计算分析得知，由于销售净利率提高使得净资产收益率增加了6个百分点，由于总资产周转率下降使得净资产收益率下降了2个百分点，则可以得知企业的权益乘数提高了1个百分点。
"[['√'], ['×']]","正确答案：,B ",如果是对投资者股利分配的时间、形式和金额把握不准确而产生的风险，以及各种收益分配的次序和比例不当产生的风险就形成收益确认风险。
"[['√'], ['×']]","正确答案：,B ",每一个随机变量的概率最小为0，最大为1，不可能小于0，也不可能大于1，全部概率之和可以等于1，也可以不等于1。
"[['公司与政府之间的财务关系'], ['公司与投资者、受资者之间的财务关系'], ['公司内部各单位之间的财务关系'], ['公司与债权人、债务人之间的财务关系']]","正确答案：,A ,B ,C ,D ",公司的财务关系有
"[['年金既有终值又有现值'], ['递延年金是第一次收付款项发生的时间在第二期或第二期以后的年金'], ['永续年金是特殊形式的普通年金'], ['永续年金是特殊形式的即付年金']]","正确答案：,B ,C ",下列关于年金的表述中，正确的有（ ）
"[['利率'], ['利息'], ['资金价值'], ['资金净现值']]","正确答案：,A ,B ",可以表示资金的价格的有
"[['方差'], ['标准差'], ['标准离差率'], ['协方差']]","正确答案：,D ",投资组合是否存在风险，更多地取决于投资组合中任意两种证券的（ ）。
"[['市场风险'], ['不可分散风险'], ['系统风险'], ['公司特有风险']]","正确答案：,D ",从公司本身的角度来看，经营风险和财务风险属于（ ）。
"[['风险中立者'], ['风险追求者'], ['风险回避者'], ['风险需求者']]","正确答案：,A ",（ ）既不回避风险，也不主动追求风险。
"[['15.50%'], ['20%'], ['30%'], ['25.50%']]","正确答案：,A ",某雨伞公司预计下个月收益率，该公司得到消息下个月经常下雨的概率为10%，其预计收益率为30%，几乎不下雨的概率为20%，其预计收益率为10%，正常下雨的概率为70%，其预计收益率为15%，求该公司下个月的期望收益率为（ ）。
"[['120.8'], ['240'], ['120'], ['60']]","正确答案：,C ",企业打算在未来三年每年年末存入2000元，年利率2%，单利计息，则在第三年年末取出的利息是（　）元。
"[['√'], ['×']]","正确答案：,A ",复利俗称“利滚利
"[['在组合投资中，除了组合中各单个资产的个别风险外，资产相互之间也会产生各种关系。'], ['进行组合投资的目的就是通过多样化经营以减少风险。'], ['与单一投资相对应，人们将投资于两种或两种以上资产的投资称为组合投资。'], ['投资组合中资产的种类越多越好。']]","正确答案：,A ,B ,C ",关于组合投资，下列说法正确的是（ ）。
"[['筹资活动'], ['资金营运'], ['投资活动'], ['利润分配活动']]","正确答案：,A ,B ,C ,D ",下列各项中，属于企业财务活动的有
"[['财务规划和预测'], ['财务决策'], ['财务预算'], ['财务控制'], ['财务分析、业绩评价与激励']]","正确答案：,A ,B ,C ,D ,E ",财务管理的职能包括
"[['β系数等于0时'], ['β系数等于1时'], ['β系数大于0时'], ['β系数等于-1时']]","正确答案：,B ",当市场组合的（ ），该β系数就是相对于市场组合而言的单个股票的系统风险，或不可避免风险。
"[['复利终值数'], ['复利现值系数'], ['普通年金终值系数'], ['普通年金现值系数']]","正确答案：,C ",某公司从本年度起每年年末存入银行一笔固定金额的款项，若按复利用最简便算法计算第n年末可以从银行取出的本利和，则应选用的时间价值系数是（ ）。
"[['后付年金终值'], ['即付年金终值'], ['递延年金终值'], ['永续年金终值']]","正确答案：,D ",在下列各项中，无法计算出确切结果的是（　）
"[['投资报酬率'], ['剩余收益'], ['经济增加值'], ['市场增加值']]","正确答案：,D ",下列指标中，不能用于企业内部业绩评价的是
"[['股东与经营者'], ['股东与债权人'], ['经营者与债权人'], ['股东、经营者、债权人']]","正确答案：,B ",企业最重要的财务关系是
"[['财务预测'], ['财务决策'], ['财务控制'], ['财务预算']]","正确答案：,B ",在市场经济条件下财务管理的核心是
"[['4.50%'], ['5.50%'], ['10%'], ['10.50%']]","正确答案：,A ",甲公司2008年的营业净利率比2007年下降5%总资产周转率提高l0%假定其他条件与2007年相同那么甲公司2008年的净资产收益率比2007年提高
"[['10000'], ['12000'], ['13189'], ['8190']]","正确答案：,C ",以10%的利率借得50000元，投资于寿命期为5年的项目，为使该投资项目成为有利的项目，每年至少应收回的现金数额为
"[['财务报表本身的局限性'], ['财务报表的真实性'], ['企业选择不同的会计政策影响可比性'], ['财务报表的及时性']]","正确答案：,A ,B ,C ",财务分析的局限性有
"[['企业的盈利能力'], ['企业的盈利能力'], ['企业的偿债能力'], ['企业的增长能力']]","正确答案：,C ",从企业债权者角度看，财务分析的最直接目的是
"[['企业组织形式'], ['企业组织机构'], ['人员构成'], ['法律环境']]","正确答案：,D ",下列不属于企业内部财务管理环境的有
"[['终值'], ['现值'], ['利润'], ['支出']]","正确答案：,A ,B ",下列属于时点指标的有（ ）。
"[['销售成本降低'], ['短期偿债能力增强'], ['收账费用水平较低'], ['赊账业务减少']]","正确答案：,B ,C ",应收账款周转率提高意味着
"[['固定制造费用耗费差异=固定制造费用实际成本-固定制造费用标准成本'], ['固定制造费用闲置能量差异=(生产能量-实际工时）X固定制造费用标准分配率'], ['固定制造费用效率差异=(实际工时-标准产量标准工时）X固定制造费用标准分配率'], ['三因素分析法中的闲置能量差异与二因素分析法中的能量差异相同']]","正确答案：,B ",企业进行固定制造费用差异分析时可以使用三因素分析法。下列关于三因素分析法的说法中，正确的是
"[['两方'], ['三方'], ['无要求'], ['四方']]","正确答案：,A ",双方交易原则建立的依据是商业交易至少有
"[['因素分解的关联性'], ['顺序替代的顺序性'], ['计算结果的假定性'], ['因素替代的顺序性']]","正确答案：,C ",下列各项中，不属于财务分析中因素分析法特征的是
"[['40000'], ['52000'], ['55482'], ['64000']]","正确答案：,C ",假如企业按12%的年利率取得贷款200000元，要求在5年内每年年末等额偿还，每年的偿付额应为（ ）元
"[['利润率'], ['总资产周转率'], ['财务杠杆'], ['资产负债率']]","正确答案：,A ,B ,C ",杜邦分析法将净资产收益率分为（  ）三部分来进行分析
"[['6.25'], ['7.5'], ['4.94'], ['5.59']]","正确答案：,D ",某企业利润表中的财务费用为100万元，其中利息费用为120万元，利息收入为20万元。资本化利息为25万元。全部资本化利息在折旧与摊销中包含的金额为40万元。净利润为500万元，所得税为150万元，则该企业的利息保障倍数为
"[['营业利润增长率'], ['总资产报酬率'], ['总资产周转率'], ['资本保值增值率']]","正确答案：,B ",在下列财务绩效定量评价指标中，属于反映企业盈利能力状况的基本指标的是
"[['计算利息的时间长短不同分类'], ['形成机制不同分类'], ['按利率之间的变动关系不同分类'], ['与市场资金供求情况的关系不同']]","正确答案：,D ",按（ ），可将利率分为固定利率和浮动利率两种。
"[['企业外部财务制度'], ['企业内部财务制度'], ['企业财务管理条例'], ['企业财务管理法']]","正确答案：,B ",.我国目前企业财务管理法规制度，有以下三个层次：行业财务制度、企业财务通则和（ ）
"[['企业外部财务制度'], ['企业内部财务制度'], ['企业财务管理条例'], ['企业财务管理法']]","正确答案：,B ",我国目前企业财务管理法规制度，有以下三个层次：行业财务制度、企业财务通则和（）
"[['3%'], ['3.50%'], ['2.50%'], ['2%']]","正确答案：,B ",某金融机构的基准利率为3%，该机构规定向外贷款时的贷款利率应在基准利率基础上加0.5%，则该金融机构的贷款利率为（）
"[['总偿债能力'], ['获利能力'], ['经营能力'], ['短期偿债能力']]","正确答案：,B ",利息保障倍数不仅反映了企业长期偿债能力，而且反映了
"[['两方'], ['三方'], ['无要求'], ['四方']]","正确答案：,A ",双方交易原则建立的依据是商业交易至少有（）
"[['权益乘数'], ['销售净利率'], ['净资产收益率'], ['产权比率']]","正确答案：,B ",（　　）反映了企业净利润与销售收入的关系，它的高低取决于销售收入与成本总额的高低。
"[['存货购进的减少'], ['利息的增加'], ['机会成本的增加'], ['销售机会的丧失']]","正确答案：,C ",较高的现金流动比率会使企业资产的流动性较强，同时也会带来
"[['3%'], ['3.50%'], ['2.50%'], ['2%']]","正确答案：,B ",某金融机构的基准利率为3%，该机构规定向外贷款时的贷款利率应在基准利率基础上加0.5%，则该金融机构的贷款利率为
"[['利率'], ['贴现率'], ['成本率'], ['利息']]","正确答案：,B ",是指将未来支付改变为现值所使用的利率，或指持票人以没有到期的票据向银行要求兑现，银行将利息先行扣除所使用的利率。
"[['两方'], ['三方'], ['无要求'], ['四方']]","正确答案：,A ",双方交易原则建立的依据是商业交易至少有
"[['构成比率'], ['效率比率'], ['相关比率'], ['定基动态比率']]","正确答案：,D ",下列比率指标不属于比率分析法指标类型的是
"[['年利率'], ['即期利率'], ['法定利率'], ['远期利率']]","正确答案：,B ,D ",按所在的时间位置不同，可将利率分为（）
"[['两方'], ['三方'], ['无要求'], ['四方']]","正确答案：,A ",双方交易原则建立的依据是商业交易至少有
"[['监督'], ['解聘'], ['接收'], ['激励']]","正确答案：,A ,B ,C ,D ",为了防止经营者背离所有者目标，经常采用以下方式
"[['通货膨胀补偿率较大'], ['违约风险收益率较大'], ['动性风险收益率较大'], ['期限风险收益率较大']]","正确答案：,D ",在其它条件相同的情况下，同一公司发行的10年期债券与5年期债券相比，
"[['受资与投资关系'], ['买卖关系'], ['内部与外部关系'], ['债务与债权关系']]","正确答案：,A ,C ,D ",企业的财务关系有（　　）。
"[['监督和激励'], ['规定资金的用途'], ['限制发行新债数额'], ['提前收回借款']]","正确答案：,B ,C ,D ",下列各项中，能够用于协调企业所有者与企业债权人矛盾的方法是
"[['8.24%'], ['4%'], ['2%'], ['10.04%']]","正确答案：,A ",王某退休时有现金5万元，拟选择一项回报比较稳定的投资，希望每个季度能获得收入1000元补贴生活。那么，该项投资的实际报酬率应为（ ）。
"[['股东与经营者'], ['股东与债权人'], ['经营者与债权人'], ['股东、经营者、债权人']]","正确答案：,B ",企业最重要的财务关系是
"[['有利于企业长期稳定发展'], ['有利于实现企业经济效益和社会效益的统一'], ['较好的兼顾了各利益主体的利益'], ['体现了前瞻性和可操作性的统一']]","正确答案：,A ,B ,C ,D ",下列属于相关者利益最大化目标优点的是
"[['√'], ['×']]","正确答案：,A ",财务活动是指企业再生产过程中的资金运动，即筹集、运用和分配资金的活动
"[['短期资本市场'], ['发行市场'], ['长期资本市场'], ['初级市场']]","正确答案：,A ,C ",以期限为标准，金融市场分为
"[['年利率'], ['即期利率'], ['法定利率'], ['远期利率']]","正确答案：,B ,D ",按所在的时间位置不同，可将利率分为（）
"[['受资与投资关系'], ['债务与债权关系'], ['内部与外部关系'], ['强制与无偿关系']]","正确答案：,A ",企业与投资者和被投资者形成了
"[['企业外部财务制度'], ['企业内部财务制度'], ['企业财务管理条例'], ['企业财务管理法']]","正确答案：,B ",我国目前企业财务管理法规制度，有以下三个层次：行业财务制度、企业财务通则和（）
"[['√'], ['×']]","正确答案：,A ",法定利率又称“官定利率”，是指由政府金融管理部门或者中央银行确定的利率
"[['提高销售净利率'], ['提高总资产净利率'], ['降低权益乘数'], ['提高资产负债率']]","正确答案：,A ,B ,D ",在其他条件不变的情况下，下列各项变化会导致净资产收益率增加的是（   ）
"[['企业与投资者和被投资者的关系'], ['企业与债权人和债务人的关系'], ['指企业与政府、供应商、客户等与内部各部门、职工等的关系'], ['母公司与子公司的关系']]","正确答案：,C ",内部与外部关系主要指
"[['存货购进的减少'], ['利息的增加'], ['机会成本的增加'], ['销售机会的丧失']]","正确答案：,C ",较高的现金流动比率会使企业资产的流动性较强，同时也会带来
"[['6.25'], ['7.5'], ['4.94'], ['5.59']]","正确答案：,D ",某企业利润表中的财务费用为100万元，其中利息费用为120万元，利息收入为20万元。资本化利息为25万元。全部资本化利息在折旧与摊销中包含的金额为40万元。净利润为500万元，所得税为150万元，则该企业的利息保障倍数为
"[['0.03'], ['0.035'], ['0.025'], ['0.02']]","正确答案：,B ",某金融机构的基准利率为3%，该机构规定向外贷款时的贷款利率应在基准利率基础上加0.5%，则该金融机构的贷款利率为
"[['比较分析法'], ['比率分析法'], ['差额分析法'], ['因素替代法']]","正确答案：,C ",下列方法中是连环替代的简便方法是
"[['赊销产成品'], ['现销产成品'], ['期末收回应收账款'], ['发生销售退回'], ['发生销售折扣']]","正确答案：,A ,C ,D ",下列经济行为会影响企业应收账款周转率的是
"[['构成比率'], ['效率比率'], ['相关比率'], ['定基动态比率']]","正确答案：,D ",下列比率指标不属于比率分析法指标类型的是
"[['自利行为原则'], ['信号传递原则'], ['市场有效原则'], ['双方交易原则']]","正确答案：,A ,D ",下列选项中属于财务管理行为方面的原则的是（）
"[['提高销售净利率'], ['提高总资产净利率'], ['降低权益乘数'], ['提高资产负债率']]","正确答案：,A ,B ,D ",在其他条件不变的情况下，下列各项变化会导致净资产收益率增加的是（   ）
"[['√'], ['×']]","正确答案：,B ",某公司2011年比2010年净资产收益率增加了5个百分点，采用因素分析法计算分析得知，由于销售净利率提高使得净资产收益率增加了6个百分点，由于总资产周转率下降使得净资产收益率下降了2个百分点，则可以得知企业的权益乘数提高了1个百分点。
"[['利润率'], ['总资产周转率'], ['财务杠杆'], ['资产负债率']]","正确答案：,A ,B ,C ",杜邦分析法将净资产收益率分为（  ）三部分来进行分析
"[['筹资活动'], ['资金营运'], ['投资活动'], ['利润分配活动']]","正确答案：,A ,B ,C ,D ",下列各项中，属于企业财务活动的有
"[['财务报表本身的局限性'], ['财务报表的真实性'], ['企业选择不同的会计政策的可比性'], ['财务报表的及时性']]","正确答案：,A ,B ,C ",财务分析的局限性包括
"[['√'], ['×']]","正确答案：,A ",差额计算法只是连环替代法的一种简化形式，二者实质上是相同的。
"[['构成比率'], ['效率比率'], ['.相关比率'], ['定基动态比率']]","正确答案：,D ",下列比率指标不属于比率分析法指标类型的是（）。
"[['折旧'], ['租金'], ['利滚利'], ['保险费']]","正确答案：,A ,B ,D ",下列选项中，（ ）可以视为年金的形式。
"[['存货购进的减少'], ['利息的增加'], ['.机会成本的增加'], ['销售机会的丧失']]","正确答案：,C ",较高的现金流动负债比率会使企业资产的流动性较强，同时也会带来（    ）
"[['6.25'], ['7.5'], ['4.94'], ['5.59']]","正确答案：,D ",某企业利润表中的财务费用为100万元，其中利息费用为120万元，利息收入为20万元。资本化利息为25万元。全部资本化利息在折旧与摊销中包含的金额为40万元。净利润为500万元，所得税为150万元，则该企业的利息保障倍数为（　　）。
"[['6120.8'], ['6243.2'], ['6240'], ['6606.6']]","正确答案：,C ",王某打算在未来三年每年年初存入2000元，年利率2%，单利计息，则在第三年年末存款的终值是（ ）元。
"[['121'], ['100'], ['135'], ['90']]","正确答案：,B ",在利率为5%的情况下，已知预付年金的现值为105元，则普通年金的现值为（ ）元。
"[['17.531'], ['15.937'], ['14.579'], ['12.579']]","正确答案：,A ","已知（F/A,10%,9）=13.579，（F/A,10%,11）=18.531，（F/A,10%,10）=15.937,（F/P,10%,11）=2.853,（P/A,10%,10）=6.145,则10年、10%的即付年金终值系数是（ ）。"
"[['递延年金是指第一次支付发生在第二期或第二期以后的年金'], ['递延年金是普通年金的特殊形式'], ['最初若干期没有收付款项'], ['其现值计算与普通年金原理相同']]","正确答案：,D ",下列说法错误的是（ ）。
"[['复利终值系数和复利现值系数互为倒数'], ['普通年金终值系数和普通年金现值系数互为倒数'], ['普通年金终值系数和偿债基金系数互为倒数'], ['普通年金现值系数和资本回收系数互为倒数']]","正确答案：,A ,C ,D ",下列说法中，正确的有（ ）。
"[['普通年金终值大于即付年金终值'], ['即付年金终值大于普通年金终值'], ['普通年金现值大于即付年金现值'], ['即付年金现值大于普通年金现值']]","正确答案：,B ,D ",若年金数额、期间、利率都相同，则有（ ）。
"[['增强资金时间价值观念，能以较少的投入获得较多的产出'], ['.利用资金时间价值的原理，能为正确评价投资效益、投资决策提供依据'], ['运用资金时间价值原理，有利于加速资金的循环周转，从而提高企业的经济效益'], ['时间价值观念在只适用于理论，不适用于实际']]","正确答案：,A ,B ,C ",下列属于资金的时间价值观念的意义的是（ ）。
"[['√'], ['×']]","正确答案：,B ",在终值和计息期一定的情况下，贴现率越低，则复利现值越小。
"[['√'], ['×']]","正确答案：,A ",当通货膨胀率大于名义利率时，实际利率为负值。
"[['√'], ['×']]","正确答案：,A ",“现值”和“终值”两个概念表示不同时期的资金时间价值。
"[['√'], ['×']]","正确答案：,B ",业绩评价方法只有财务业绩定量评价方法、管理业绩定性评价方法两种手段
"[['√'], ['×']]","正确答案：,B ",运用资金时间价值原理，不利于加速资金的循环周转，从而提高企业的经济效益。
"[['√'], ['×']]","正确答案：,A ",某人分期付款买车，每年年初付3000元，20年还完，利率5%，要想现在一次性付清，需要付39255.9元
"[['4'], ['5'], ['4.6'], ['5.4']]","正确答案：,D ",有甲、乙两台设备可供选用，甲设备的年使用费比乙设备低2000元，但价格高于乙设备8000元。若资本成本为10%，甲设备的使用期应长于（ ）年，选用甲设备才是有利的
"[['√'], ['×']]","正确答案：,A ",在使用未到期的票据向银行申请贴现时使用的利率称贴现率，计算出来的利息称贴现息，扣除贴现息后的余额称为现值。
"[['√'], ['×']]","正确答案：,A ",管理业绩定性评价是在财务业绩定量评价的基础上进行的
"[['折旧'], ['租金'], ['利滚利'], ['保险费']]","正确答案：,A ,B ,D ",下列选项中，（ ）可以视为年金的形式。
"[['25%'], ['20%'], ['15%'], ['12%']]","正确答案：,B ",某企业年度销售收入净额为500万元，年度销售成本为400万元，净利润为60万元，则该公司的销售毛利率为（　　）。
"[['100×（F/P，8%，5）'], ['100×（F/P，4%，10）'], ['100×（F/A，8%，5）'], ['100×（F/P，8.16%，5）']]","正确答案：,B ,D ",长江公司取得借款100万元，借款的年利率是8%，每半年复利一次，期限为5年，则该项借款的终值是（    ）。
"[['当前股票价格上升'], ['资本利得收益率上升'], ['预期现金股利下降'], ['预期持有该股票的时间延长']]","正确答案：,B ",在其他条件不变的情况下，下列事项中能够引起股票期望收益率上升的是（　）。
"[['11%和21%'], ['10%和20%'], ['14%和21%'], ['12%和20%']]","正确答案：,A ",某企业长期持有A股票，目前每股现金股利2元，每股市价20元，在保持目前的经营效率和财务政策不变，且不从外部进行股权融资的情况下，其预计收入增长率为10%，则该股票的股利收益率和期望报酬率分别为( )元。
"[['6120.8'], ['6243.2'], ['6240\xa0'], ['6606.6']]","正确答案：,C ",王某打算在未来三年每年年初存入2000元，年利率2%，单利计息，则在第三年年末存款的终值是（  ）元。
"[['直线下降，至到期日等于债券面值'], ['波动下降，到期日之前一直高于债券面值'], ['波动下降，到期日之前可能等于债券面值'], ['波动下降，到期日之前可能低于债券面值']]","正确答案：,B ",假设折现率保持不变，溢价发行的平息债券自发行后债券价值(　)。
"[['标的股票一定是发行公司本身的股票'], ['票面利率一般低于普通债券的票面利率'], ['存在不转换的财务压力'], ['存在股价上扬风险']]","正确答案：,B ,C ,D ",下列关于可转换债券的说法中，正确的有（ ）。
"[['4'], ['5'], ['4.6'], ['5.4']]","正确答案：,D ",有甲、乙两台设备可供选用，甲设备的年使用费比乙设备低2000元，但价格高于乙设备8000元。若资本成本为10%，甲设备的使用期应长于（ ）年，选用甲设备才是有利的。
"[['1000'], ['1058.82'], ['1028.82'], ['1147.11']]","正确答案：,C ",甲公司在2008年1月1日发行5年期债券，面值1000元，票面年利率6%，于每年6月30日和12月31日付息，到期时一次还本。ABC公司欲在2011年7月1日购买甲公司债券100张，假设市场利率为4%，则债券的价值为( )元。
"[['√'], ['×']]","正确答案：,B ",一次到期债券是发行公司于债券偿债日一次偿还全部债券本金的债券。（  ）
"[['√'], ['×']]","正确答案：,A ",到期一次还本付息债券，本质上也是一种纯贴现债券。（  ）
"[['√'], ['×']]","正确答案：,A ",债券收益率曲线是描述在某一时点上（或某一天）一组可交易债券的收益率与其剩余到期期限之间数量关系的一条趋势曲线 。（）
"[['4'], ['5'], ['4.6'], ['5.4']]","正确答案：,D ",有甲、乙两台设备可供选用，甲设备的年使用费比乙设备低2000元，但价格高于乙设备8000元。若资本成本为10%，甲设备的使用期应长于（ ）年，选用甲设备才是有利的。
"[['潜在的普通股主要包括：可转换公司债券.认股权证和股份期权等'], ['对于可转换公司债券，计算稀释每股收益时，分子的调整项目为可转换公司债券当期已确认为费用的利息等的影响额'], ['对于可转换公司债券，计算稀释每股收益时，分母的调整项目为假定可转换公司债券当期期初或发行日转换为普通股的股数加权平均数'], ['对于认股权证.股份期权等的行权价格低于当期普通股平均市场价格时，应当考虑其稀释性']]","正确答案：,B ",下列有关稀释每股收益的说法，错误的是（ ）。
"[['√'], ['×']]","正确答案：,A ",从资金的借贷关系看，利率是一定时期内运用资金资源的交易价格
"[['非固定增长股票模型'], ['固定增长股票模型'], ['零增长股票模型'], ['纯贴现股票模型']]","正确答案：,A ,B ,C ",下列各项中，属于股票估价模型的有( )。
"[['优先分配利润'], ['优先分配剩余财产'], ['对公司重大事项拥有优先表决权'], ['除规定情形外，优先股股东不出席股东大会会议，所持股份没有表决权']]","正确答案：,A ,B ,D ",与普通股相比，优先股的特殊性表现在(　)。
"[['√'], ['×']]","正确答案：,A ",某投资人持有A公司股票，投资必要报酬率为15%。预计A公司未来5年股利将以23%的增长率高速增长，此后便转为正常增长，增长率为15%。公司最近支付的股利是2元。要求计算该公司的股票价值。此时需要用到的是股票估价的三阶段模型。（ ）
"[['乙方案优于甲方案'], ['甲方案的风险大于乙方案'], ['甲方案的风险小于乙方案'], ['无法评价甲乙方案的风险大小']]","正确答案：,C ",某企业拟进行一项存在一定风险的完整工业项目投资，有甲、乙两个方案可供选择。已知甲方案净现值的期望值为2000万元，标准离差为500万元;乙方案净现值的期望值为2500万元，标准离差为800万元。下列结论中正确的是(　)。
"[['11.58'], ['10.39'], ['11.2'], ['8.81']]","正确答案：,D ",甲公司刚刚支付的股利为1元/股，预计最近两年每股股利增长率均为10%，第三年增长率为4%，从第四年开始每股股利保持上年水平不变，甲股票的必要报酬率为14%，则目前甲股票的内在价值为（　）元。
"[['一项资产虽然预期收益率低，但风险水平也高'], ['一项资产虽然预期收益率低，但风险水平也低'], ['一项资产具有较高的预期收益率同时也具有较高的风险水平'], ['一项资产具有较高的预期收益率，但风险水平低']]","正确答案：,B ,C ",当面临以下这样两种资产时，风险回避者的选择就要取决于他们对待风险的不同态度：（ ）。
"[['β系数等于0时'], ['β系数等于1时'], ['β系数大于0时'], ['β系数等于-1时']]","正确答案：,B ",当市场组合的（   ），该β系数就是相对于市场组合而言的单个股票的系统风险，或不可避免风险。
"[['（P/F,12%,5）=0.5674'], ['（F/A, 12%,5）=6.3525'], ['（P/A, 12%,5）=3.6050'], ['（A/P, 12%,5）=0.2774']]","正确答案：,A ,B ,C ,D ","如果（F/P,12%,5）=1.7623，则下述系数正确的有（　）。"
"[['正确'], ['错误']]","正确答案：,A ",投资风险主要取决于投资的行业和投资时间长短
"[['标准离差率'], ['标准差'], ['期望值'], ['方差']]","正确答案：,C ",下列选项中，可以表示一定风险下的收益情况的是（）
"[['正确'], ['错误']]","正确答案：,A ","当市场组合的β系数等于1时，该β系数就是相对于市场组合而言的单个股票的系统,
风险，或不可避免风险。"
"[['15.90%'], ['18%'], ['3.40%'], ['10%']]","正确答案：,A ,C ",资产组合由A、B两种股票组成，A股票的预期收益率为18%，标准差为12%，占组合资产的30%，B股票的预期收益率为15%，标准差为10%，占组合资产的70%，两种股票完全负相关，则该组合的预期收益率和收益率的标准差分别是（   ）。
"[['投资结构风险'], ['现金风险'], ['投资项目风险'], ['投资组合风险']]","正确答案：,A ,C ,D ",下列风险中取决于投资的行业和投资时间长短的是（　　）。
"[['收益分配风险'], ['公司特有的风险'], ['投资风险'], ['市场风险']]","正确答案：,B ,D ",风险从个别投资主体的角度看可分为
"[['市场风险'], ['不可分散风险'], ['系统风险'], ['公司特有风险']]","正确答案：,D ",从公司本身的角度来看，经营风险和财务风险属于（   ）
"[['一定小于该投资方案的内含报酬率'], ['一定大于该投资方案的内含报酬率'], ['一定等于该投资方案的内含报酬率'], ['可能大于也可能小于该投资方案的内含报酬率']]","正确答案：,B ",一般情况下，使某投资方案的净现值小于零的折现率（  ）
"[['√'], ['×']]","正确答案：,A ",企业价值最大化目标反映了企业对资产增值保值的要求
"[['购买普通股股票'], ['购买公司债券'], ['购买国库券'], ['购买优先股股票']]","正确答案：,D ",以下投资类型中属于混合性投资的是
"[['投资利润率'], ['财务净现值'], ['财务内部收益率'], ['资产负债率']]","正确答案：,D ",以下指标中不属于财务盈利能力分析指标的是
"[['市场上'], ['环境上'], ['金融上'], ['资本上']]","正确答案：,A ",项目可行性研究是从（ ）、技术上及经济上论证建设项目可行性的综合研究，是预测项目的经济效益及生命力、筹措资金、开展设计、进行谈判、签订各种合同和进行施工准备的重要依据
"[['股利收益率为2.5%'], ['股利收益率为1.5%'], ['利得收益率为22.5%'], ['利得收益率为20%']]","正确答案：,A ,D ",某股票一年前的价格为10元，一年中的税后股息为0.25，现在的市价为12元。那么，在不考虑交易费用的情况下，一年内该股票的股利收益率和利得收益率分别是（ ）。
"[['应收账款周转率=销售收入/平均应收账款×100%'], ['存货周转率=销售收入/平均存货余额×100%'], ['流动资产周转率=销售收入/流动资产总额×100%'], ['资产净利率=净利润/平均资产总额×100%']]","正确答案：,A ,D ",以下公式正确的是（   ）。
"[['购买债券'], ['购买股票'], ['采取合同方式投出资产'], ['采取协议方式投出资产']]","正确答案：,B ,C ,D ",权益性投资主要是企业通过（ ）取得股权
"[['正确'], ['错误']]","正确答案：,A ",风险由于其本身的不确定性，既可能使企业获利，也可能使企业遭受损失。
"[['市场上'], ['环境上'], ['金融上'], ['资本上']]","正确答案：,A ",项目可行性研究是从（ ）、技术上及经济上论证建设项目可行性的综合研究，是预测项目的经济效益及生命力、筹措资金、开展设计、进行谈判、签订各种合同和进行施工准备的重要依据
"[['内部收益率'], ['投资利润率'], ['净现值率'], ['获利指数']]","正确答案：,B ",下列指标的计算中，没有直接利用净现金流量的是
"[['减少损失'], ['降低事故发生概率'], ['彻底杜绝风险的可能性'], ['实现企业财务的稳定性']]","正确答案：,C ",下列选项中不适宜作为风险管理的目标的是(  )
"[['期望收益'], ['收益频数分布的离散程度'], ['标准差'], ['标准离差率']]","正确答案：,B ,C ,D ",下列选项中，可以用来衡量风险大小的是（   ）
"[['投产期'], ['在产期'], ['试产期'], ['达产期']]","正确答案：,C ,D ",运营期是指投产日到终结点之间的时间间隔，包括
"[['√'], ['×']]","正确答案：,A ",从财务评价的角度，投资决策评价指标主要包括静态投资回收期、总投资收益率、净现值、净现值率和内部收益率五个指标
"[['需购置新的生产流水线价值150万元，同时垫付20万元流动资金'], ['利用现有的库存材料，该材料目前的市价为10万元'], ['车间建在距离总厂10公里外的95年已购入的土地上，该块土地若不使用可以300万元出售'], ['2003年公司曾支付5万元的咨询费请专家论证过此事']]","正确答案：,A ,B ,C ",某公司拟于2009年初新建一生产车间用于某种新产品的开发，则与该投资项目有关的现金流量是
"[['销售收入'], ['经营成本'], ['生产能力'], ['初始投资']]","正确答案：,A ,B ,C ,D ",敏感性因素一般可选择主要参数如（ ）进行分析
"[['√'], ['×']]","正确答案：,A ",市场调查与分析的内容广泛，为投资项目的可行性研究提供了重要的资源和依据。
"[['一定小于该投资方案的内含报酬率'], ['一定大于该投资方案的内含报酬率'], ['一定等于该投资方案的内含报酬率'], ['可能大于也可能小于该投资方案的内含报酬率']]","正确答案：,B ",一般情况下，使某投资方案的净现值小于零的折现率（  ）
"[['√'], ['×']]","正确答案：,B ",若参数的小幅度变化能导致较大的经济效果指标变化，则称此参数为非敏感性因素
"[['甲方案'], ['乙方案'], ['丙方案'], ['丁方案']]","正确答案：,A ",某企业拟进行一项固定资产投资项目决策，设定贴现率为12%，有四个方案可供选择：甲方案的项目计算期为10年，净现值为1000万元，10年期、贴现率为10%的投资回收系数为0.177；乙方案的现值指数为0.85；丙方案的项目计算期为11年，其年金净流量为150万元；丁方案的内含报酬率为10%。最优的投资方案是（ ）
"[['购买普通股股票'], ['购买公司债券'], ['购买国库券'], ['购买优先股股票']]","正确答案：,D ",以下投资类型中属于混合性投资的是
"[['正的协方差表明，平均而言两个变量是朝同一个方向变动的；'], ['负的协方差表明，平均而言两个变量是朝反方向变动的；'], ['协方差为零，表示两个变量不一起变动，其变动方向不一致也不相反'], ['协方差为零，表示两个变量是朝同一个方向变动的；']]","正确答案：,A ,B ,C ",下面关于协方差的表述正确的是（ ）
"[['√'], ['×']]","正确答案：,A ",普遍调查是对调查对象进行全样本调查
"[['回收流动资金'], ['回收固定资产残值收入'], ['原始投资'], ['经营期末营业净现金流量'], ['固定资产的变价收入']]","正确答案：,A ,B ,D ,E ",在完整的工业投资项目中，经营期期末（终结时点）发生的净现金流量包括
"[['购买债券'], ['购买股票'], ['采取合同方式投出资产'], ['采取协议方式投出资产']]","正确答案：,B ,C ,D ",权益性投资主要是企业通过（ ）取得股权
"[['回收流动资金'], ['回收固定资产残值收入'], ['原始投资'], ['经营期末营业净现金流量'], ['固定资产的变价收入']]","正确答案：,A ,B ,D ,E ",在完整的工业投资项目中，经营期期末（终结时点）发生的净现金流量包括
"[['√'], ['×']]","正确答案：,A ",人们将投资于两种或两种以上资产的投资称为组合投资。
"[['√'], ['×']]","正确答案：,B ",在投资项目可行性研究中，应首先进行财务可行性评价，再进行技术可行性分析，如果项目具备财务可行性和技术可行性，就可以做出该项目应当投资的决策
"[['需购置新的生产流水线价值150万元，同时垫付20万元流动资金'], ['利用现有的库存材料，该材料目前的市价为10万元'], ['车间建在距离总厂10公里外的95年已购入的土地上，该块土地若不使用可以300万元出售'], ['2003年公司曾支付5万元的咨询费请专家论证过此事']]","正确答案：,A ,B ,C ",某公司拟于2009年初新建一生产车间用于某种新产品的开发，则与该投资项目有关的现金流量是
"[['√'], ['×']]","正确答案：,B ",市场调查方法包含：普遍调查、抽样调查、专家调查、档案研究
"[['市场上'], ['环境上'], ['金融上'], ['资本上']]","正确答案：,A ",项目可行性研究是从（ ）、技术上及经济上论证建设项目可行性的综合研究，是预测项目的经济效益及生命力、筹措资金、开展设计、进行谈判、签订各种合同和进行施工准备的重要依据
"[['内部收益率'], ['投资利润率'], ['净现值率'], ['获利指数']]","正确答案：,B ",下列指标的计算中，没有直接利用净现金流量的是
"[['√'], ['×']]","正确答案：,B ",若参数的小幅度变化能导致较大的经济效果指标变化，则称此参数为非敏感性因素
"[['一定小于该投资方案的内含报酬率'], ['一定大于该投资方案的内含报酬率'], ['一定等于该投资方案的内含报酬率'], ['可能大于也可能小于该投资方案的内含报酬率']]","正确答案：,B ",一般情况下，使某投资方案的净现值小于零的折现率（  ）
"[['√'], ['×']]","正确答案：,A ",市场调查与分析的内容广泛，为投资项目的可行性研究提供了重要的资源和依据。
"[['甲方案'], ['乙方案'], ['丙方案'], ['丁方案']]","正确答案：,A ",某企业拟进行一项固定资产投资项目决策，设定贴现率为12%，有四个方案可供选择：甲方案的项目计算期为10年，净现值为1000万元，10年期、贴现率为10%的投资回收系数为0.177；乙方案的现值指数为0.85；丙方案的项目计算期为11年，其年金净流量为150万元；丁方案的内含报酬率为10%。最优的投资方案是（ ）
"[['16%'], ['17.04%'], ['12%'], ['17.57%']]","正确答案：,D ",ABC公司增发普通股股票1000万元，筹资费率为8%，本年的股利率为12%，预计股利年增长率为4%，所得税税率为30%，则普通股的资本成本为（　）。
"[['此时销售额正处于销售收入线与总成本线的交点'], ['此时的经营杠杆系数趋近于无穷小'], ['此时的营业销售利润率等于零'], ['此时的边际贡献等于固定成本']]","正确答案：,B ",若某一企业的经营处于盈亏临界状态，错误的说法是（    ）。
"[['√'], ['×']]","正确答案：,B ",在投资项目可行性研究中，应首先进行财务可行性评价，再进行技术可行性分析，如果项目具备财务可行性和技术可行性，就可以做出该项目应当投资的决策
"[['投产期'], ['在产期'], ['试产期'], ['达产期']]","正确答案：,C ,D ",运营期是指投产日到终结点之间的时间间隔，包括
"[['任何投资项目的投资收益率必须高于资本成本'], ['是最低可接受的收益率'], ['是投资项目的取舍收益率'], ['等于各项资本来源的成本加权计算的平均数']]","正确答案：,A ,B ,C ,D ",关于资本成本的说法正确的是（    ）。
"[['√'], ['×']]","正确答案：,B ",市场调查方法包含：普遍调查、抽样调查、专家调查、档案研究
"[['√'], ['×']]","正确答案：,A ",普遍调查是对调查对象进行全样本调查
"[['√'], ['×']]","正确答案：,A ",从财务评价的角度，投资决策评价指标主要包括静态投资回收期、总投资收益率、净现值、净现值率和内部收益率五个指标
"[['√'], ['×']]","正确答案：,A ",由长期借款的特点可知，借款利息和借款手续费构成了计算长期借款资本成本的基础。（    ）
"[['销售收入'], ['经营成本'], ['生产能力'], ['初始投资']]","正确答案：,A ,B ,C ,D ",敏感性因素一般可选择主要参数如（ ）进行分析
"[['“投资不足问题”所引起的代理成本最终要由股东来承担'], ['“过度投资问题”所引起的代理成本最终要由债权人来承担'], ['假设不考虑代理成本与代理收益，当财务困境成本的现值大于利息抵税收益的现值时，有杠杆的企业价值低于无杠杆的企业价值'], ['权衡理论认为债务越高，企业价值越大']]","正确答案：,A ,C ",下列有关描述中正确的有( )。
"[['固定经营成本'], ['单位边际贡献'], ['产销量'], ['固定利息']]","正确答案：,A ,B ,C ,D ",下列各项中。影响总杠杆系数变动的因素有（    ）。
"[['√'], ['×']]","正确答案：,B ",一般而言，企业资本成本最高的筹资方式是发行优先股。（    ）
"[['普通股成本'], ['留存收益成本'], ['债券成本'], ['银行借款成本']]","正确答案：,C ,D ",税率是影响资本成本的一个外部因素，下列各种资本成本中，受税率影响的有( )
"[['1.25'], ['1.5'], ['1.33'], ['1.2']]","正确答案：,B ",某公司当期利息全部费用化，其已获利息倍数为3，不考虑优先股，则该公司的财务杠杆系数是（    ）。
"[['√'], ['×']]","正确答案：,A ",只要在企业的筹资方式中有固定财务支出的债务和优先股，就存在财务杠杆作用。（    ）
"[['金融机构'], ['企业'], ['工商户'], ['个人']]","正确答案：,B ",短期借款是指（）向银行借入的期限在一年以内的借款。
"[['应付账款'], ['应付票据'], ['应收账款'], ['预收账款']]","正确答案：,A ",（）是企业赊购商品和材料时产生的应付未付的以记账方式表达的商业信用。
"[['公司在最近5年内财务会计文件无虚假记载'], ['近3年内财物会计文件无虚假记载'], ['公司预期利润率应远远超过同期银行存款利率'], ['公司在最近5年内连续盈利，并可向股东支付股利，但以当年利润分配新股的不受此限。']]","正确答案：,B ",公司增发新股，必须具备以下哪个条件（）
"[['抵押贷款'], ['信用贷款'], ['科技开发贷款'], ['固定资产贷款']]","正确答案：,A ,B ",长期借款按贷款有无抵押品分为（）。
"[['提出申请'], ['等待审批'], ['进行复审'], ['上市发行']]","正确答案：,A ,B ,C ,D ",按照我国《公司法》的规定，企业公开发行股票应按什么程序办理（）
"[['售后回租'], ['杠杆租赁'], ['直接租赁'], ['转租赁']]","正确答案：,D ",（）的特点是承租人所租设备是租赁公司从国内外的其他租赁公司或设备制造厂商租来的。
"[['长期筹资'], ['自有资金'], ['债务筹资'], ['短期筹资']]","正确答案：,B ,C ",以下哪些是按所筹资金的性质不同进行分类的（）。
"[['长期筹资和短期筹资'], ['直接筹资和间接筹资'], ['自有资金和债务筹资'], ['民间资金和外商资金']]","正确答案：,C ",企业筹资按所筹资金的性质不同分为（）。
"[['追加筹资时原个别资本成本不变'], ['追加筹资时原个别资本成本降低'], ['追加筹资时原个别资本成本升高'], ['追加筹资时个别资本成本随筹资规模增大而降低']]","正确答案：,A ",属于计算边际资本成本应该考虑的因素的是（    ）。
"[['√'], ['×']]","正确答案：,A ",长期借款可发挥财务杠杆作用。利用借款筹资，在企业盈利较多的情况下，普通股股东权益会大幅度增加。
"[['√'], ['×']]","正确答案：,A ",权衡理论认为负债可以为企业带来税额庇护利益，当负债比率超过某一程度后，破产成本开始变得重要，边际负债的税额庇护利益等于边际破产成本时，企业价值最大，达到最佳资本结构。（   ）
"[['√'], ['×']]","正确答案：,B ",非银行金融机构中的部分机构为了达到一定的目的而聚集资金，会通过一定的途径或方式将一部分不会立即投入使用的资金以各种方式投资于企业。这种筹资渠道的财力比银行信贷资金要大。（）
"[['√'], ['×']]","正确答案：,A ",长期借款是指企业向银行或其他非银行金融机构借入的期限在一年以下的借款，主要用于构建固定资产和满足长期流动资金运用的需要。
"[['√'], ['×']]","正确答案：,B ",申请发行股票的企业应聘请有资格的中介机构对其资信、资产、财务状况等进行审定、评估，不需具资产评估报告、审计报告和法律意见书，连同招股说明书按隶属关系向各级人民政府或中央企业主管部门提出申请。
"[['√'], ['×']]","正确答案：,B ",分期偿还借款适合于借款金额小、借款期限短的借款。（）
"[['提前偿还'], ['分批偿还'], ['一次偿还'], ['债权替换']]","正确答案：,D ",下列不属于债券偿还本金方式的是（）。
"[['筹资速度慢'], ['财务风险较大'], ['限制条款较多'], ['借款弹性差']]","正确答案：,B ,C ",短期借款筹资的缺点有（）。
"[['现金有价证券可以相互转换'], ['现金的存在形式在不断变化'], ['现金在不同时点上可以灵活使用'], ['各种动机所需的现金可以调节使用']]","正确答案：,D ",企业持有的现金总额通常小于交易动机、预防动机和投资动机所需要的现金余额之和，其原因是
"[['品种较多的存货'], ['数量较多的存货'], ['单位价值较大的存货'], ['库存时间较长的存货']]","正确答案：,C ",采用ABC控制法进行存货管理时，应该重点控制的存货类别是（   ）
"[['√'], ['×']]","正确答案：,A ",销售百分比法中，长期负债属于非敏感项目（）
"[['应收账款周转期'], ['存货周转期'], ['应付账款周转期'], ['现金周转期']]","正确答案：,C ",企业要购买原材料，并不是都是收到原材料的当天就马上付款，通常会有一定的延迟，这一延迟的时间段是（    ）
"[['√'], ['×']]","正确答案：,A ",发行公司债券的申请经批准后，发行公司应制作公司债券募集办法，并向社会公告。公司发出公司债券募集公告后，开始在公告所定的期限内募集资金。
"[['√'], ['×']]","正确答案：,B ",债券没有固定的到期日，并需定期支付利息，利用债券筹资，要承担还本付息的义务。在公司经营不景气时，也需向债券持有人还本付息，这会给公司带来更大的财务困难，有时甚至导致破产。
"[['应收账款的日常管理包括对客户的信用调查和分析评价、应收账款的催收工作等'], ['企业对顾客进行信用调查的主要方法是直接调查法和间接调查法'], ['应收账款的保理可以分为有追索权保理、无追索权保理、明保理和暗保理'], ['到期保理是指保理商并不提供预付账款融资，而是在赊销到期时才支付，届时不管货款是否收到，保理商都必须向销售商支付货款']]","正确答案：,A ,B ,D ",下列关于应收账款日常管理的表述中，正确的有（   ）
"[['应收账款平均余额'], ['变动成本率'], ['销售成本率'], ['资本成本率']]","正确答案：,A ,B ,D ",与应收账款机会成本有关的因素有（   ）
"[['78000'], ['65000'], ['56000'], ['93333.33']]","正确答案：,C ",某企业销售收入为1000万元，信用条件为“1/10，n/50”时，预计有20%的客户选择享受现金折扣，其余客户在信用期付款，变动成本率为60%，资金成本率为8%，则应收账款的机会成本为（   ）元。（一年按360天机算）
"[['√'], ['×']]","正确答案：,A ",因为现金的管理成本是相对固定的，所以在确定最佳现金持有量时，可以不考虑它的影响
"[['√'], ['×']]","正确答案：,A ",在应收账款的管理中，ABC分析法，又称重点管理法
"[['√'], ['×']]","正确答案：,B ",企业为了应付突发事件，有必要维持比日常运转所需金额更多的现金，这是出于投机性需求
"[['√'], ['×']]","正确答案：,A ",相较于发行债券，商业信用筹资的优点有筹资方便，筹资成本低，甚至不发生筹资成本。
"[['采购部门管理费用'], ['采购人员的工资'], ['订货业务费'], ['预付定金的机会成本']]","正确答案：,C ",下列订货成本中属于变动成本的是（   ）
"[['√'], ['×']]","正确答案：,A ",应收账款的功能指其在生产经营中的作用，主要包括两方面的功能，一是增加销售， 二是减少存货
"[['√'], ['×']]","正确答案：,A ",不变资金是指在一定的产销量范围内，不受产销量变动的影响而保持固定不变的那部分资金，包括：为维持营业而占用的最低数额的现金，原材料的保险储备，必要的成品储备，厂房、机器设备等固定资产占用的资金。（）
"[['√'], ['×']]","正确答案：,A ",阿洪-博尔顿模型在研究资本结构选择与公司控制权安排之间的关系时，考虑了公司控制权的契约本质。该模型运用不完全合同理论，对经理人员与投资者之间的最优控制权安排进行了研究。（    ）
"[['保证合理的资金需求'], ['提高资金的使用效率'], ['节约资金使用成本'], ['保持足够的短期偿债能力']]","正确答案：,A ,B ,C ,D ",营运资金的管理是企业财务管理工作的一项重要内容，营运资金的管理原则包括（   ）
"[['债务比例的大小'], ['公司清偿时债务的顺序'], ['收支的匹配程度'], ['固定成本的比重']]","正确答案：,D ",以下哪项不是影响财务风险的因素（）
